﻿"Key","Item Type","Publication Year","Author","Title","Publication Title","ISBN","ISSN","DOI","Url","Abstract Note","Date","Date Added","Date Modified","Access Date","Pages","Num Pages","Issue","Volume","Number Of Volumes","Journal Abbreviation","Short Title","Series","Series Number","Series Text","Series Title","Publisher","Place","Language","Rights","Type","Archive","Archive Location","Library Catalog","Call Number","Extra","Notes","File Attachments","Link Attachments","Manual Tags","Automatic Tags","Editor","Series Editor","Translator","Contributor","Attorney Agent","Book Author","Cast Member","Commenter","Composer","Cosponsor","Counsel","Interviewer","Producer","Recipient","Reviewed Author","Scriptwriter","Words By","Guest","Number","Edition","Running Time","Scale","Medium","Artwork Size","Filing Date","Application Number","Assignee","Issuing Authority","Country","Meeting Name","Conference Name","Court","References","Reporter","Legal Status","Priority Numbers","Programming Language","Version","System","Code","Code Number","Section","Session","Committee","History","Legislative Body"
"79GXH6M3","book","1993","Shepard, Odell","The Lore of the Unicorn","","978-0-486-27803-2","","","","Fascinating, delightfully readable book traces development of various aspects of the unicorn legend in mythology, folklore, magic, medicine, literature, art and commerce. &quot;It is a book rich with curious lore, the product . . . of careful and intensive research; yet it is written with charm and with affection for the elusive animal which for millenniums has entranced men&#39;s imaginations.&quot; — Books. Text enhanced with 28 carefully selected illustrations. Introduction.","1993-01-01","2025-06-18 17:35:00","2025-06-18 17:35:00","","","338","","","","","","","","","","Courier Corporation","","en","","","","","Google Books","","Google-Books-ID: MDdscUPfIRwC","","","https://books.google.com/books?id=MDdscUPfIRwC","","Social Science / Folklore & Mythology","","","","","","","","","","","","","","","","","","","","","","","","","","","","","","","","","","","","","","","","","","","","","",""
"WVQRWK7I","journalArticle","1989","Micceri, Theodore","The unicorn, the normal curve, and other improbable creatures","Psychological Bulletin","","1939-1455","10.1037/0033-2909.105.1.156","","An investigation of the distributional characteristics of 440 large-sample achievement and psychometric measures found all to be significantly nonnormal at the alpha .01 significance level. Several classes of contamination were found, including tail weights from the uniform to the double exponential, exponential-level asymmetry, severe digit preferences, multimodalities, and modes external to the mean/median interval. Thus, the underlying tenets of normality-assuming statistics appear fallacious for these commonly used types of data. However, findings here also fail to support the types of distributions used in most prior robustness research suggesting the failure of such statistics under nonnormal conditions. A reevaluation of the statistical robustness literature appears appropriate in light of these findings. (PsycINFO Database Record (c) 2016 APA, all rights reserved)","1989","2025-06-18 17:35:21","2025-06-18 17:35:21","","156-166","","1","105","","","","","","","","","","","","","","","APA PsycNet","","Place: US Publisher: American Psychological Association","","/Users/paul.mcelhany/Zotero/storage/KS3HUS29/1989-14214-001.html","","","Achievement Measures; Normal Distribution; Psychometrics; Statistical Measurement","","","","","","","","","","","","","","","","","","","","","","","","","","","","","","","","","","","","","","","","","","","","","",""
"GA632TJW","journalArticle","2013","Curtiss, Michael; Becker, Iain; Bosman, Tudor; Doroshenko, Sergey; Grijincu, Lucian; Jackson, Tom; Kunnatur, Sandhya; Lassen, Soren; Pronin, Philip; Sankar, Sriram; Shen, Guanghao; Woss, Gintaras; Yang, Chao; Zhang, Ning","Unicorn: a system for searching the social graph","Proc. VLDB Endow.","","2150-8097","10.14778/2536222.2536239","https://doi.org/10.14778/2536222.2536239","Unicorn is an online, in-memory social graph-aware indexing system designed to search trillions of edges between tens of billions of users and entities on thousands of commodity servers. Unicorn is based on standard concepts in information retrieval, but it includes features to promote results with good social proximity. It also supports queries that require multiple round-trips to leaves in order to retrieve objects that are more than one edge away from source nodes. Unicorn is designed to answer billions of queries per day at latencies in the hundreds of milliseconds, and it serves as an infrastructural building block for Facebook's Graph Search product. In this paper, we describe the data model and query language supported by Unicorn. We also describe its evolution as it became the primary backend for Facebook's search offerings.","2013-08-01","2025-06-18 17:35:51","2025-06-18 17:35:51","2025-06-18 17:35:51","1150–1161","","11","6","","","Unicorn","","","","","","","","","","","","ACM Digital Library","","","","","","","","","","","","","","","","","","","","","","","","","","","","","","","","","","","","","","","","","","","","","","","","","","","","",""
"PNZ3D9VK","book","1976","Cloisters (Museum); Freeman, Margaret B.","The Unicorn Tapestries","","978-0-87099-147-9","","","","","1976","2025-06-18 17:37:38","2025-06-18 17:37:38","","","254","","","","","","","","","","Metropolitan Museum of Art","","en","","","","","Google Books","","Google-Books-ID: ATbO6lv4LsMC","","","https://books.google.com/books?id=ATbO6lv4LsMC","","Art / History / Medieval; Crafts & Hobbies / General; Design / Textile & Costume; Travel / Museums, Tours, Points of Interest","","","","","","","","","","","","","","","","","","","","","","","","","","","","","","","","","","","","","","","","","","","","","",""
"UIRV74ZB","journalArticle","1964","Suhr, Elmer G.","An Interpretation of the Unicorn","Folklore","","0015-587X","","https://www.tandfonline.com/doi/abs/10.1080/0015587X.1964.9716952","(1964). An Interpretation of the Unicorn. Folklore: Vol. 75, No. 2, pp. 91-109.","1964-06-01","2025-06-18 17:37:50","2025-06-18 17:37:50","2025-06-18 17:37:50","","","","","","","","","","","","","","EN","Copyright Taylor and Francis Group, LLC","","","world","www.tandfonline.com","","Publisher: Taylor & Francis Group","","","","","","","","","","","","","","","","","","","","","","","","","","","","","","","","","","","","","","","","","","","","","","","","","","",""
"N3M4LMLI","journalArticle","1990","Hurlbert, Stuart H.","Spatial Distribution of the Montane Unicorn","Oikos","","0030-1299","10.2307/3545216","https://www.jstor.org/stable/3545216","Analysis of the spatial distribution patterns of five populations of the recently discovered montane unicorn (Monoceros montanus) yield several surprising results. Principal among these is the fact that when censused using a grid of 1 km<sup>2</sup> quadrats all populations yielded a variance:mean ratio of 1.0, though each population showed a different pattern of aggregation and none correponded to a Poisson distribution. Distributions with these mathematical properties are termed unicornian. It is demonstrated that the variance:mean ratio is useless as a measure of departure from randomness, though it is widely recommended as such. The ratio is also uninterpretable as a measure of aggregation except for its coincidental relationship to indices such as the Morisita index of aggregation ( I<sub> M</sub>). I<sub> M</sub> can be defined in terms of the probability of two randomly selected individuals being found in the same quadrat or sampling unit. It can be generalized to yield a family of indices, I<sub> Mr</sub>, relating to the probability of r randomly selected individuals being found in the same sampling unit. Presentation of a plot of I<sub> Mr</sub> versus r may often be preferable to condensation of all information on aggregation into a single value, such as I<sub> M</sub>. Comment is also offered on the need to consider a range of spatial scales, on the corresponding definitional and scale aspects of plotless sampling, and on the fruitlessness of attempting to view spatial patterns themselves as consisting of only two distinct aspects, such as intensity and grain.","1990","2025-06-18 17:38:06","2025-06-18 17:38:06","2025-06-18 17:38:06","257-271","","3","58","","","","","","","","","","","","","","","JSTOR","","Publisher: [Nordic Society Oikos, Wiley]","","","","","","","","","","","","","","","","","","","","","","","","","","","","","","","","","","","","","","","","","","","","","","","","","","",""
"GKCYIUSU","book","2016","European Commission. Joint Research Centre.","How to catch a unicorn: case studies.","","","","","https://data.europa.eu/doi/10.2791/942998","","2016","2025-06-18 17:38:52","2025-06-18 17:38:52","2025-06-18 17:38:52","","","","","","","How to catch a unicorn","","","","","Publications Office","LU","en","","","","","DOI.org (CSL JSON)","","","","/Users/paul.mcelhany/Zotero/storage/IF4PPY2D/European Commission. Joint Research Centre. - 2016 - How to catch a unicorn case studies..pdf","","","","","","","","","","","","","","","","","","","","","","","","","","","","","","","","","","","","","","","","","","","","","","","","",""
"TLHZWW4Q","journalArticle","2023","Venâncio, Ana; Picoto, Winnie; Pinto, Inês","Time-to-unicorn and digital entrepreneurial ecosystems","Technological Forecasting and Social Change","","0040-1625","10.1016/j.techfore.2023.122425","https://www.sciencedirect.com/science/article/pii/S0040162523001105","This study examines the influence of a digital entrepreneurial ecosystem in setting the pace of how fast a start-up becomes a unicorn (time-to-unicorn). We apply a fuzzy-set qualitative comparative analysis approach (fsQCA) in which we use factors such as supply and demand conditions, innovation and change, institutional environment, and digital trust to determine the configurations that lead to unicorn success, measured by time-to-unicorn. We draw on data on unicorns from CB Insights and use the digital evolution and digital trust scores from the Digital Intelligence Index to analyze 766 unicorns from 39 countries that achieved this status between 2014 and 2021. The results show that several combinations of conditions increase the average national speed that a start-up takes to become a unicorn. Institutions, resources, and infrastructures have a stronger effect on unicorn success than digital trust. These findings contribute to the ongoing debate on the role of digitalization and institutions in the performance of digital entrepreneurial ecosystems.","2023-05-01","2025-06-18 17:39:04","2025-06-18 17:39:04","2025-06-18 17:39:04","122425","","","190","","Technological Forecasting and Social Change","","","","","","","","","","","","","ScienceDirect","","","","/Users/paul.mcelhany/Zotero/storage/Q5SEKIFG/Venâncio et al. - 2023 - Time-to-unicorn and digital entrepreneurial ecosystems.pdf; /Users/paul.mcelhany/Zotero/storage/VGPF5SGF/S0040162523001105.html","","","Digitalization; Ecosystem; Entrepreneurship; fsQCA; Institutional theory; Time-to-unicorn; Unicorns","","","","","","","","","","","","","","","","","","","","","","","","","","","","","","","","","","","","","","","","","","","","","",""
"Q4BGEMCN","journalArticle","2000","Roquemore, W. M.; Katta, V. R.","Role of flow visualization in the development of UNICORN","Journal of Visualization","","1875-8975","10.1007/BF03181442","https://doi.org/10.1007/BF03181442","This paper describes how visualizations have been used in the development and evaluation of a reacting-flow-simulation model known as UNICORN (UNsteady Ignition and COmbustion with ReactioNs). UNICORN, which solves full Navier-Stokes equations, has evolved over a 6-year period and is perhaps one of the most thoroughly evaluated codes of its kind. It evolved hand-in-hand with experiments that have been conducted to test its ability to predict ignition, extinction, and the dynamic characteristics of diffusion and premixed flames of hydrogen, methane, and propane fuels and that are stabilized in different ways. This paper also describes how UNICORN has been used, in conjunction with experiments, to provide new insights into combusting flows. Also, predictions of unobserved phenomena that were later confirmed by experiments are described. This paper demonstrates that the judicious use of a well-validated simulation in conjunction with laser based diagnostics is an effective way of understanding complex combusting flows.","2000-09-01","2025-06-18 17:39:38","2025-06-18 17:39:38","2025-06-18 17:39:38","257-272","","3","2","","J Vis","","","","","","","","en","","","","","Springer Link","","","","","","","combustion; Computational Fluid Dynamics; Computer Modelling; Engine Technology; Engineering Fluid Dynamics; flames; laser diagnostics; Mathematical and Computational Engineering Applications; Numerical Simulation; turbulence; visualization; vortices","","","","","","","","","","","","","","","","","","","","","","","","","","","","","","","","","","","","","","","","","","","","","",""
"HCBDECAM","journalArticle","1957","Cole, LaMont C.","Biological Clock in the Unicorn","Science","","","10.1126/science.125.3253.874","https://www.science.org/doi/abs/10.1126/science.125.3253.874","","1957-05-03","2025-06-18 17:41:00","2025-06-18 17:41:00","2025-06-18 17:41:00","874-876","","3253","125","","","","","","","","","","","","","","","science.org (Atypon)","","Publisher: American Association for the Advancement of Science","","","","","","","","","","","","","","","","","","","","","","","","","","","","","","","","","","","","","","","","","","","","","","","","","","",""
"6QH8FK5X","conferencePaper","2020","Han, Xueyuan; Pasquier, Thomas; Bates, Adam; Mickens, James; Seltzer, Margo","UNICORN: Runtime Provenance-Based Detector for Advanced Persistent Threats","Proceedings 2020 Network and Distributed System Security Symposium","","","10.14722/ndss.2020.24046","http://arxiv.org/abs/2001.01525","Advanced Persistent Threats (APTs) are difficult to detect due to their ""low-and-slow"" attack patterns and frequent use of zero-day exploits. We present UNICORN, an anomaly-based APT detector that effectively leverages data provenance analysis. From modeling to detection, UNICORN tailors its design specifically for the unique characteristics of APTs. Through extensive yet time-efficient graph analysis, UNICORN explores provenance graphs that provide rich contextual and historical information to identify stealthy anomalous activities without pre-defined attack signatures. Using a graph sketching technique, it summarizes long-running system execution with space efficiency to combat slow-acting attacks that take place over a long time span. UNICORN further improves its detection capability using a novel modeling approach to understand long-term behavior as the system evolves. Our evaluation shows that UNICORN outperforms an existing state-of-the-art APT detection system and detects real-life APT scenarios with high accuracy.","2020","2025-06-18 17:41:26","2025-06-18 17:41:26","2025-06-18 17:41:26","","","","","","","UNICORN","","","","","","","","","","","","arXiv.org","","arXiv:2001.01525 [cs]","Comment: 19 pages","/Users/paul.mcelhany/Zotero/storage/I9B6U9QJ/Han et al. - 2020 - UNICORN Runtime Provenance-Based Detector for Advanced Persistent Threats.pdf; /Users/paul.mcelhany/Zotero/storage/A4WTPW45/2001.html","","","Computer Science - Cryptography and Security","","","","","","","","","","","","","","","","","","","","","","","","","","","","","","","","","","","","","","","","","","","","","",""
"AFRIZTVI","book","2023","Orwell, George","The Lion and the Unicorn: ""Socialism and the English Genius""","","978-625-7120-88-3","","","","The Lion and the Unicorn: Socialism and the English Genius was published in February 1941, well into the Second World War, after Dunkirk and the Battle of Britain. It is a long essay, divided into three parts.   1. England Your England (35 pages) 2. Shopkeepers at War (19 pages) 3. The English Revolution (9 pages)  The three essays 1. describe the essence of Englishness and records changes in English society over the previous thirty years or so 2. make the case for a socialist system in England 3. argue for an English democratic socialism, sharply distinct from the totalitarian communism of Stalin.  Now, at this distance of 76 years, the political content seems to me almost completely useless. After the war, the socialist policies carried out by Attlee's government, thirty years of 'Butskellism' and Britain's steady industrial decline into the 1970s which was brutally arrested by Mrs Thatcher's radical economic and social policies of the 1980s, followed by Tony Blair's attempt to create a non-socialist Labour Party in the 1990s, and all the time the enormous social transformations wrought by ever-changing technology - the political, social, economic, technological and cultural character of England has been transformed out of all recognition.   That said, this book-length essay is still worth reading as a fascinating social history of its times and for its warm evocation of the elements of the English character, some of which linger on, some of which have disappeared.","2023-11-27","2025-06-18 17:42:07","2025-06-18 17:42:07","","","104","","","","","The Lion and the Unicorn","","","","","E-Kitap Projesi & Cheapest Books","","en","","","","","Google Books","","Google-Books-ID: Pf_kEAAAQBAJ","","","https://books.google.com/books?id=Pf_kEAAAQBAJ","","Fiction / Alternative History","","","","","","","","","","","","","","","","","","","","","","","","","","","","","","","","","","","","","","","","","","","","","",""
"EIU2NCFG","journalArticle","2016","Fan, Jennifer S.","Regulating Unicorns: Disclosure and the New Private Economy","Boston College Law Review","","","","https://heinonline.org/HOL/Page?handle=hein.journals/bclr57&id=584&div=&collection=","","2016","2025-06-18 17:42:53","2025-06-18 17:42:53","","583","","","57","","B.C. L. Rev.","Regulating Unicorns","","","","","","","","","","","","COinS","","","","/Users/paul.mcelhany/Zotero/storage/MPUWNJ6M/LandingPage.html","","","","","","","","","","","","","","","","","","","","","","","","","","","","","","","","","","","","","","","","","","","","","","","","",""
"6LPLVAA9","preprint","2021","Dellermann, Dominik; Lipusch, Nikolaus; Ebel, Philipp; Popp, Karl Michael; Leimeister, Jan Marco","Finding the unicorn: Predicting early stage startup success through a hybrid intelligence method","","","","10.48550/arXiv.2105.03360","http://arxiv.org/abs/2105.03360","Artificial intelligence is an emerging topic and will soon be able to perform decisions better than humans. In more complex and creative contexts such as innovation, however, the question remains whether machines are superior to humans. Machines fail in two kinds of situations: processing and interpreting soft information (information that cannot be quantified) and making predictions in unknowable risk situations of extreme uncertainty. In such situations, the machine does not have representative information for a certain outcome. Thereby, humans are still the gold standard for assessing soft signals and make use of intuition. To predict the success of startups, we, thus, combine the complementary capabilities of humans and machines in a Hybrid Intelligence method. To reach our aim, we follow a design science research approach to develop a Hybrid Intelligence method that combines the strength of both machine and collective intelligence to demonstrate its utility for predictions under extreme uncertainty.","2021-05-10","2025-06-18 17:43:11","2025-06-18 17:43:11","2025-06-18 17:43:11","","","","","","","Finding the unicorn","","","","","arXiv","","","","","","","arXiv.org","","arXiv:2105.03360 [cs]","","/Users/paul.mcelhany/Zotero/storage/VJ2U687I/2105.html","","","Computer Science - Artificial Intelligence; Computer Science - Human-Computer Interaction","","","","","","","","","","","","","","","","","","","arXiv:2105.03360","","","","","","","","","","","","","","","","","","","","","","","","","","",""
"YQU9RNDD","journalArticle","1985","Donnelly, Jack","In Search of the Unicorn: The Jurisprudence and Politics of the Right to Development","California Western International Law Journal","","","","https://heinonline.org/HOL/Page?handle=hein.journals/calwi15&id=481&div=&collection=","","1985","2025-06-18 17:43:41","2025-06-18 17:43:41","","473","","","15","","Cal. W. Int'l L.J.","In Search of the Unicorn","","","","","","","","","","","","COinS","","","","/Users/paul.mcelhany/Zotero/storage/F9VHP8C5/LandingPage.html","","","","","","","","","","","","","","","","","","","","","","","","","","","","","","","","","","","","","","","","","","","","","","","","",""
"6DTNEFF4","journalArticle","1982","Caillois, Roger","The Myth of the Unicorn","Diogenes","","0392-1921, 1467-7695","10.1177/039219218203011901","https://www.cambridge.org/core/journals/diogenes/article/abs/myth-of-the-unicorn/8EDEE7B67093C8E26637F29558752CE0","We are pleased to offer our readers an unpublished article by Roger Caillois, a posthumous text which takes its place alongside his other studies on the myth and the imaginary. The octopus, the praying mantis and the fulgora in the real world led Roger Caillois to reflections similar to those which he exposes here relative to the narwhal and the imaginary unicorn. The importance of the unicorn in the author's work comes from the relationship established by the narwhal's tusk between two squares on Roger Caillois’ chess board: myth and dissymmetry. (Editor's note).","1982-09","2025-06-18 17:43:52","2025-06-18 17:43:52","2025-06-18 17:43:52","1-23","","119","30","","","","","","","","","","en","","","","","Cambridge University Press","","","","","","","","","","","","","","","","","","","","","","","","","","","","","","","","","","","","","","","","","","","","","","","","","","","","",""
"DQIAZ9RV","journalArticle","2023","Kuckertz, Andreas; Scheu, Maximilian; Davidsson, Per","Chasing mythical creatures – A (not-so-sympathetic) critique of entrepreneurship's obsession with unicorn startups","Journal of Business Venturing Insights","","2352-6734","10.1016/j.jbvi.2022.e00365","https://www.sciencedirect.com/science/article/pii/S2352673422000634","In recent years, the notion of a unicorn, a startup exceeding a premarket valuation of one billion USD, has become one of the most prominent concepts in the practical discourse of entrepreneurship. Consequently, entrepreneurs aim to build unicorns, investors want to participate in their success, policymakers strive to support their emergence, and educators present them as an ideal-type entrepreneurial activity. We challenge this view with a provocative critique of the positive mainstream perception of unicorns. First, we characterize unicorns as an ambiguous analytical category with little value for research and evidence-based policy. Second, we point to the danger of neglecting the multifaceted nature of entrepreneurship by focusing solely on extreme outliers. Third, we highlight the potentially unethical consequences of entrepreneurship's obsession with unicorns. Finally, we conclude that focusing on unicorns contributes to a biased picture of entrepreneurship that favors valuation (i.e., the unicorn) over value creation (i.e., productive entrepreneurship).","2023-06-01","2025-06-18 17:44:14","2025-06-18 17:44:14","2025-06-18 17:44:14","e00365","","","19","","Journal of Business Venturing Insights","","","","","","","","","","","","","ScienceDirect","","","","/Users/paul.mcelhany/Zotero/storage/E5PXEUBP/S2352673422000634.html","","","Entrepreneurship; Growth; Startup; Unicorn; Valuation; Value creation","","","","","","","","","","","","","","","","","","","","","","","","","","","","","","","","","","","","","","","","","","","","","",""
"6LJ6P6WW","journalArticle","2019","Urbinati, Andrea; Chiaroni, Davide; Chiesa, Vittorio; Frattini, Federico","The Role of Business Model Design in the Diffusion of Innovations: An Analysis of a Sample of Unicorn-Tech Companies","International Journal of Innovation and Technology Management","","0219-8770","10.1142/S0219877019500111","https://www.worldscientific.com/doi/abs/10.1142/s0219877019500111","Innovation scholars have long studied how and why new products and services diffuse into the market following trajectories such as the S-curve and in accordance with epidemic, social, and information cascade models. However, we see today many new products and services, especially those enabled by digital technologies, which do not seem to fit the above-mentioned trajectories and models due to the incredibly high speed and virulence at which they diffuse. Moreover, the diffusion of these innovations does not seem to depend, contrary to what the previous patterns of innovation diffusion argue, on their technological characteristics or on demand-side factors, such as the word-of-mouth effect or the feedback they receive from their early adopters. Rather, their diffusion seems to be affected by the characteristics of the business model adopted by the companies that have created and commercialized them into the market. Accordingly, our study analyzes through the historical research methodology the business model of a sample of 50 Unicorn tech-companies, which have experienced incredibly fast diffusion rates and business growth and are disrupting entire industries. The outcome of our study is a framework that maps two business model configurations that explain the role of different business model design and innovation choices in the diffusion of new products and services enabled by digital technologies.","2019-02","2025-06-18 17:55:20","2025-06-18 17:55:20","2025-06-18 17:55:20","1950011","","01","16","","Int. J. Innovation Technol. Management","The Role of Business Model Design in the Diffusion of Innovations","","","","","","","","","","","","worldscientific.com (Atypon)","","Publisher: World Scientific Publishing Co.","","/Users/paul.mcelhany/Zotero/storage/ED7LIEEA/Urbinati et al. - 2019 - The Role of Business Model Design in the Diffusion of Innovations An Analysis of a Sample of Unicor.pdf","","","Business model; business model design; business model innovation; digital technologies; innovation diffusion; Unicorns","","","","","","","","","","","","","","","","","","","","","","","","","","","","","","","","","","","","","","","","","","","","","",""
"R82B4Q94","journalArticle","2019","Ünal, Cemre","Searching for a Unicorn: A Machine Learning Approach Towards Startup Success Prediction","","","","10.18452/20347","http://edoc.hu-berlin.de/18452/21141","Die Bedeutung von Startups für die wirtschaftliche Dynamik, Innovation und den Wettbewerb wurde bereits in der bestehenden Literatur anerkannt. Die höchst unsichere und volatile Natur des Startup-Ökosystems erschwert es, Informationen zu analysieren und zu interpretieren, um die Erfolgsquote eines Startups zu beurteilen. Die zeit- und rechenintensive Natur dieses Vorhersageproblems verdeutlicht die Notwendigkeit eines quantifizierten Modells, das einen objektiven Ansatz für die Vorhersage von erfolgreichen Startups ermöglicht. Das Ziel dieser Masterarbeit ist es, reproduzierbare Modelle für die Erfolgsvorhersage von Start-ups basierend auf maschinellen Lernverfahren zu erhalten. Frühere Literatur, die sich mit dem Vorhersageproblem befasst, greift fast ausschließlich auf Umfragedaten von Unternehmen zurück. Aufgrund der subjektiven Datenerhebung ist die wiederholbare und automatisierte Anwendung dieser Analysen und Schätzungen für zukünftige Erfolgsprognosen nicht möglich. Aus diesem Grund wird in dieser Masterarbeit auf öffentlich zugängliche und groß angelegte Daten der Online-Investor-Plattform crunchbase.com zurückgegriffen. Durch die Verwendung des Oversampling-Ansatzs ADASYN wird die Datenmenge vorverarbeitet, um eine Stichprobenverzerrung und -ungleichgewicht zu vermeiden. Insgesamt werden sechs verschiedene Modelle implementiert, um die Erfolgsquote von Start-ups vorherzusagen. Dabei handelt es sich um logistische Regressionen (voll und reduziert), Recursive Partitioning Tree, Conditional Inference Tree, Random Forest und Extreme Gradient Boosting. Mit einer Testsatz-Vorhersagegenauigkeiten von 94,1% bzw. 94,5%, sowie einer AUC von 92,22% bzw. 92,91% werden die Ensemble-Modelle, Random Forest und Extreme Gradient Boosting als leistungsstärkste Modelle ausgewählt. Die wichtigsten Variablen in diesen Modellen sind dabei Last Funding to Date, First Funding Lag und Company Age.","2019-08-13","2025-06-18 17:55:32","2025-06-18 17:55:32","2025-06-18 17:55:32","","","","","","","Searching for a Unicorn","","","","","","","eng","","","","","edoc.hu-berlin.de","","Publisher: Wirtschaftswissenschaftliche Fakultät","","/Users/paul.mcelhany/Zotero/storage/MWNXQ2Y9/Ünal - 2019 - Searching for a Unicorn A Machine Learning Approach Towards Startup Success Prediction.pdf","","","","","","","","","","","","","","","","","","","","","","","","","","","","","","","","","","","","","","","","","","","","","","","","",""
"M63Q39GZ","journalArticle","2021","Lourie, Nicholas; Bras, Ronan Le; Bhagavatula, Chandra; Choi, Yejin","UNICORN on RAINBOW: A Universal Commonsense Reasoning Model on a New Multitask Benchmark","Proceedings of the AAAI Conference on Artificial Intelligence","","2374-3468","10.1609/aaai.v35i15.17590","https://ojs.aaai.org/index.php/AAAI/article/view/17590","Commonsense AI has long been seen as a near impossible goal---until recently. Now, research interest has sharply increased with an influx of new benchmarks and models. We propose two new ways to evaluate commonsense models, emphasizing their generality on new tasks and building on diverse, recently introduced benchmarks. First, we propose a new multitask benchmark, Rainbow, to promote research on commonsense models that generalize well over multiple tasks and datasets. Second, we propose a novel evaluation, the cost equivalent curve, that sheds new insight on how the choice of source datasets, pretrained language models, and transfer learning methods impacts performance and data efficiency. We perform extensive experiments---over 200 experiments encompassing 4800 models---and report multiple valuable and sometimes surprising findings, e.g., that transfer almost always leads to better or equivalent performance if following a particular recipe, that QA-based commonsense datasets transfer well with each other, while commonsense knowledge graphs do not, and that perhaps counter-intuitively, larger models benefit more from transfer than smaller ones. Last but not least, we introduce a new universal commonsense reasoning model, UNICORN, that establishes new state-of-the-art performance across 8 popular commonsense benchmarks, aNLI (87.3%), CosmosQA (91.8%), HellaSWAG (93.9%), PIQA (90.1%), SocialIQa (83.2%), WinoGrande (86.6%), CycIC (94.0%) and CommonsenseQA (79.3%).","2021-05-18","2025-06-18 17:56:00","2025-06-18 17:56:00","2025-06-18 17:56:00","13480-13488","","15","35","","","UNICORN on RAINBOW","","","","","","","en","Copyright (c) 2021 Association for the Advancement of Artificial Intelligence","","","","ojs.aaai.org","","Number: 15","","/Users/paul.mcelhany/Zotero/storage/QZ4ILYBK/Lourie et al. - 2021 - UNICORN on RAINBOW A Universal Commonsense Reasoning Model on a New Multitask Benchmark.pdf","","","Question Answering","","","","","","","","","","","","","","","","","","","","","","","","","","","","","","","","","","","","","","","","","","","","","",""
"MFPT7YGL","journalArticle","2021","Rodrigues, Cristina Doritta; Noronha, Matheus Eurico Soares de","What companies can learn from unicorn startups to overcome the COVID-19 crisis","Innovation &amp; Management Review","","2515-8961","10.1108/INMR-01-2021-0011","https://www.emerald.com/insight/content/doi/10.1108/inmr-01-2021-0011/full/html","This paper aims to search measures that unicorn startups have implemented during the pandemic and show what lessons can be learned to help entrepreneurs and small and medium businesses to overcome the crisis.,The method is a multiple case study with five unicorn startups. This study collected data through interviews and analyzed them by the content analysis technique.,The findings show that the pandemic affects negatively unicorns’ businesses; that a digital business model innovation affects them positively; and that innovations moderate positively the negative impact of the crisis.,Most interviewees hold operational positions.,Three actions stand out to overcome the crisis: adoption of new digital platforms; strategies to increase the network of partners; and adaptations in the provision of payment services.,The cases show that entrepreneurs and small and medium enterprises need to develop capabilities to innovate in their business models, and digitalization is a solution to face the crisis and overcome it in the future.","2021-06-10","2025-06-18 17:56:08","2025-06-18 17:56:08","2025-06-18 17:56:08","211-226","","3","20","","","","","","","","","","en","","","","world","www.emerald.com","","Publisher: Emerald Publishing Limited","","/Users/paul.mcelhany/Zotero/storage/RDSKTKQ4/Rodrigues and Noronha - 2021 - What companies can learn from unicorn startups to overcome the COVID-19 crisis.pdf","","","","","","","","","","","","","","","","","","","","","","","","","","","","","","","","","","","","","","","","","","","","","","","","",""
"22APS677","journalArticle","1953","Humphreys, Humphrey","The Horn of the Unicorn","Antiquity","","0003-598X, 1745-1744","10.1017/S0003598X00024339","https://www.cambridge.org/core/journals/antiquity/article/abs/horn-of-the-unicorn/8015D99AE6E8946C6C66BF3BF1F71D7A","Though everyone now agrees that the unicorn never existed, this unanimity is quite recent. All through the 19th century there were periodic reports of its presence in darkest Africa or on the Asiatic steppes, and hopes that it would turn out to be a reality died hard. But if there never was such a creature why did the men of the Middle Ages believe in it so firmly and depict it so often? As Christians it was incumbent on them to do so, for it was mentioned in the Old Testament and, therefore, must be real. Its presence there was due to the authors of the Septuagint, the Hellenised Jews who, at Alexandria, in the centuries between the city's foundation and the Christian era, translated their sacred books from Hebrew into Greek and on seven occasions used the word μονόκερως (Greek for unicorn).","1953-03","2025-06-18 17:56:31","2025-06-18 17:56:31","2025-06-18 17:56:31","15-19","","105","27","","","","","","","","","","en","","","","","Cambridge University Press","","","","","","","","","","","","","","","","","","","","","","","","","","","","","","","","","","","","","","","","","","","","","","","","","","","","",""
"TIRTG5RY","journalArticle","2021","Cable, Abraham J. B.","Time Enough for Counting: A Unicorn Retrospective","Yale Journal on Regulation Bulletin","","","","https://heinonline.org/HOL/Page?handle=hein.journals/jregb39&id=23&div=&collection=","","2021","2025-06-18 17:56:42","2025-06-18 17:56:42","","23","","","39","","JREG Bulletin","Time Enough for Counting","","","","","","","","","","","","COinS","","","","","","","","","","","","","","","","","","","","","","","","","","","","","","","","","","","","","","","","","","","","","","","","","","","","",""
"MCKXCX2I","journalArticle","2021","Damasceno, André Luiz Tavares; Morini, Cristiano; Pannellini, Gean Lucas","Lessons from the fastest Brazilian unicorn","Innovation &amp; Management Review","","2515-8961","10.1108/INMR-05-2021-0070","https://www.emerald.com/insight/content/doi/10.1108/inmr-05-2021-0070/full/html","The purpose of this paper is to analyze the process of why a Brazilian digital startup company reached unicorn status the fastest.,After the literature review, the authors conducted the questionnaire containing 13 questions used in 18 in-depth interviews conducted in the case study. Saturation point combined with the independent and in-depth analysis of the researchers is used to achieve internal and external validity. The primary data collected underwent an analytical approach, followed by a resource-based view (RBV). RBV does not deal with time. There is a gap in the literature and an opportunity here: to analyze the fastest company to become a unicorn under the RBV lens.,The case reveals that value can be found in traditional sectors, as is the case of the real estate sector. This is a case of a company in the direct home-buying space.,The contribution of this paper is both practical, with the seven lessons, and theoretical. Resources allocated to a specific context in a specific geographic region shift the attention away from the absolute value of resources to the timing of aggregating them. Thus, the contribution accounting for time is new to the RBV.,The originality lies in the analysis of the dynamics of digital businesses with exponential growth.","2021-11-25","2025-06-18 17:56:59","2025-06-18 17:56:59","2025-06-18 17:56:59","281-297","","3","20","","","","","","","","","","en","","","","world","www.emerald.com","","Publisher: Emerald Publishing Limited","","/Users/paul.mcelhany/Zotero/storage/6766SCBD/Damasceno et al. - 2021 - Lessons from the fastest Brazilian unicorn.pdf","","","","","","","","","","","","","","","","","","","","","","","","","","","","","","","","","","","","","","","","","","","","","","","","",""
"TZAJGS6S","preprint","2024","Cao, Lele; Ehrenheim, Vilhelm von; Krakowski, Sebastian; Li, Xiaoxue; Lutz, Alexandra","Using Deep Learning to Find the Next Unicorn: A Practical Synthesis","","","","10.48550/arXiv.2210.14195","http://arxiv.org/abs/2210.14195","Startups often represent newly established business models associated with disruptive innovation and high scalability. They are commonly regarded as powerful engines for economic and social development. Meanwhile, startups are heavily constrained by many factors such as limited financial funding and human resources. Therefore, the chance for a startup to eventually succeed is as rare as ""spotting a unicorn in the wild"". Venture Capital (VC) strives to identify and invest in unicorn startups during their early stages, hoping to gain a high return. To avoid entirely relying on human domain expertise and intuition, investors usually employ data-driven approaches to forecast the success probability of startups. Over the past two decades, the industry has gone through a paradigm shift moving from conventional statistical approaches towards becoming machine-learning (ML) based. Notably, the rapid growth of data volume and variety is quickly ushering in deep learning (DL), a subset of ML, as a potentially superior approach in terms of capacity and expressivity. In this work, we carry out a literature review and synthesis on DL-based approaches, covering the entire DL life cycle. The objective is a) to obtain a thorough and in-depth understanding of the methodologies for startup evaluation using DL, and b) to distil valuable and actionable learning for practitioners. To the best of our knowledge, our work is the first of this kind.","2024-06-11","2025-06-18 17:57:08","2025-06-18 17:57:08","2025-06-18 17:57:08","","","","","","","Using Deep Learning to Find the Next Unicorn","","","","","arXiv","","","","","","","arXiv.org","","arXiv:2210.14195 [q-fin]","Comment: A condensed version is published by IJCAI 2024 Workshop on FinNLP and Muffin (48 pages, 18 figures). ACL Link: https://aclanthology.org/2023.finnlp-1.6","/Users/paul.mcelhany/Zotero/storage/N8TXQ3KW/2210.html","","","Computer Science - Machine Learning; Quantitative Finance - Computational Finance","","","","","","","","","","","","","","","","","","","arXiv:2210.14195","","","","","","","","","","","","","","","","","","","","","","","","","","",""
"KKBYN9TN","conferencePaper","2013","Shinde, Pravin; Kaufmann, Antoine; Kourtis, Kornilios; Roscoe, Timothy","Modeling NICs with Unicorn","Proceedings of the Seventh Workshop on Programming Languages and Operating Systems","978-1-4503-2460-1","","10.1145/2525528.2525532","https://doi.org/10.1145/2525528.2525532","NICs are increasingly complex and diverse, offering a wide range of hardware functionality to aid network protocol processing. Harnessing the power of NIC hardware requires the ability to control and reason about a variety of different feature sets in the network stack. Towards this goal, we propose Unicorn, a language for describing modern NICs. Unicorn offers a simple set of abstractions for modeling both NIC functionality and the state of a protocol stack. To evaluate its expressivity and potential, we present a non-trivial model for the Intel i82599 10GbE NIC, and an algorithm that uses graph embedding to optimize the use of NIC hardware in the network stack.","2013-11-03","2025-06-18 17:57:27","2025-06-18 17:57:27","2025-06-18","1–6","","","","","","","PLOS '13","","","","Association for Computing Machinery","New York, NY, USA","","","","","","ACM Digital Library","","","","","","","","","","","","","","","","","","","","","","","","","","","","","","","","","","","","","","","","","","","","","","","","","","","","",""
"JZCQ4UFW","journalArticle","2024","Cusumano, Michael A.; Gawer, Annabelle; Yoffie, David B.; von Bargen, Sarah; Acquay, Kwesi","The impact of platform business models on the valuations of unicorn companies","Information and Organization","","1471-7727","10.1016/j.infoandorg.2024.100521","https://www.sciencedirect.com/science/article/pii/S1471772724000216","Despite the importance of digital platforms in the global economy, there has been little systematic or quantitative analysis of how investors value platforms and the scope of their business models in private or public markets. This paper seeks to fill this gap in part by analyzing how unicorn valuations are affected by “platformness” (the degree to which a firm incorporates at least some elements of a multisided business model with the potential to generate network effects). We investigated 959 unicorns (private companies valued at $1 billion or more) existing as of December 31, 2021, to assess whether investors placed a higher value on firms in different regions of the world and operating with platform businesses rather than offering only “standalone” products or services. We found that companies with some elements of a platform business model commanded a significantly higher average valuation compared to non-platform companies. These higher average valuations also varied by location: North America 129%, Europe 68%, and Asia-Pacific (APAC) 39%. The geographical variations are likely due to greater investor interest in platform businesses in the United States as well as other characteristics more common among North American unicorn platforms. More than half of the unicorn sample and more than half of platform unicorns originated in North America. We also found that investors paid 34% more for “innovation platforms” (these enable third-party complementary innovations through application programming interfaces) versus “transaction platforms” (these bring together two market sides as in product or service marketplaces, financial exchanges, or social media and messaging websites). Platform unicorns with the potential to generate and exploit global network effects also had approximately 26% higher valuations than platforms limited to non-global network effects.","2024-09-01","2025-06-18 17:57:47","2025-06-18 17:57:47","2025-06-18 17:57:47","100521","","3","34","","Information and Organization","","","","","","","","","","","","","ScienceDirect","","","","","","","Digital platforms; Global scope of digital businesses; Network effects; Unicorn bubble; Valuations of digital businesses; Venture capital investments","","","","","","","","","","","","","","","","","","","","","","","","","","","","","","","","","","","","","","","","","","","","","",""
"M7MZK2SZ","book","2004","Chevalier, Tracy","The Lady and the Unicorn","","978-1-101-21318-6","","","","A tour de force of history and imagination, The Lady and the Unicorn is Tracy Chevalier’s answer to the mystery behind one of the art world’s great masterpieces—a set of bewitching medieval tapestries that hangs today in the Cluny Museum in Paris. They appear to portray the seduction of a unicorn, but the story behind their making is unknown—until now.Paris, 1490.  A shrewd French nobleman commissions six lavish tapestries celebrating his rising status at Court. He hires the charismatic, arrogant, sublimely talented Nicolas des Innocents to design them. Nicolas creates havoc among the women in the house—mother and daughter, servant, and lady-in-waiting—before taking his designs north to the Brussels workshop where the tapestries are to be woven. There, master weaver Georges de la Chapelle risks everything he has to finish the tapestries—his finest, most intricate work—on time for his exacting French client. The results change all their lives—lives that have been captured in the tapestries, for those who know where to look.In The Lady and the Unicorn, Tracy Chevalier weaves fact and fiction into a beautiful, timeless, and intriguing literary tapestry—an extraordinary story exquisitely told.","2004-12-28","2025-06-18 17:57:58","2025-06-18 17:57:58","","","268","","","","","","","","","","Penguin","","en","","","","","Google Books","","Google-Books-ID: D44z2K7cU4AC","","","https://books.google.com/books?id=D44z2K7cU4AC","","Fiction / Historical / General; Fiction / Literary; Fiction / Romance / Historical / Medieval","","","","","","","","","","","","","","","","","","","","","","","","","","","","","","","","","","","","","","","","","","","","","",""
"RVJU8U59","journalArticle","2023","Tu, Jianhong; Fan, Ju; Tang, Nan; Wang, Peng; Li, Guoliang; Du, Xiaoyong; Jia, Xiaofeng; Gao, Song","Unicorn: A Unified Multi-tasking Model for Supporting Matching Tasks in Data Integration","Proc. ACM Manag. Data","","","10.1145/3588938","https://doi.org/10.1145/3588938","Data matching - which decides whether two data elements (e.g., string, tuple, column, or knowledge graph entity) are the ""same"" (a.k.a. a match) - is a key concept in data integration, such as entity matching and schema matching. The widely used practice is to build task-specific or even dataset-specific solutions, which are hard to generalize and disable the opportunities of knowledge sharing that can be learned from different datasets and multiple tasks. In this paper, we propose Unicorn, a unified model for generally supporting common data matching tasks. Unicorn can enable knowledge sharing by learning from multiple tasks and multiple datasets, and can also support zero-shot prediction for new tasks with zero labeled matching/non-matching pairs. However, building such a unified model is challenging due to heterogeneous formats of input data elements and various matching semantics of multiple tasks. To address the challenges, Unicorn employs one generic Encoder that converts any pair of data elements (a, b) into a learned representation, and uses a Matcher, which is a binary classifier, to decide whether a matches b. To align matching semantics of multiple tasks, Unicorn adopts a mixture-of-experts model that enhances the learned representation into a better representation. We conduct extensive experiments using 20 datasets on seven well-studied data matching tasks, and find that our unified model can achieve better performance on most tasks and on average, compared with the state-of-the-art specific models trained for ad-hoc tasks and datasets separately. Moreover, Unicorn can also well serve new matching tasks with zero-shot learning.","2023-05-30","2025-06-18 17:58:08","2025-06-18 17:58:08","2025-06-18 17:58:08","84:1–84:26","","1","1","","","Unicorn","","","","","","","","","","","","ACM Digital Library","","","","","","","","","","","","","","","","","","","","","","","","","","","","","","","","","","","","","","","","","","","","","","","","","","","","",""
"D3PFJYPN","journalArticle","2017","Baškarada, Saša; Koronios, Andy","Unicorn data scientist: the rarest of breeds","Program","","0033-0337","10.1108/PROG-07-2016-0053","https://www.emerald.com/insight/content/doi/10.1108/prog-07-2016-0053/full/html","Many organizations are seeking unicorn data scientists, that rarest of breeds that can do it all. They are said to be experts in many traditionally distinct disciplines, including mathematics, statistics, computer science, artificial intelligence, and more. The purpose of this paper is to describe authors’ pursuit of these elusive mythical creatures.,Qualitative data were collected through semi-structured interviews with managers/directors from nine Australian state and federal government agencies with relatively mature data science functions.,Although the authors failed to find evidence of unicorn data scientists, they are pleased to report on six key roles that are considered to be required for an effective data science team. Primary and secondary skills for each of the roles are identified and the resulting framework is then used to illustratively evaluate three data science Master-level degrees offered by Australian universities.,Given that the findings presented in this paper have been based on a study with large government agencies with relatively mature data science functions, they may not be directly transferable to less mature, smaller, and less well-resourced agencies and firms.,The skills framework provides a theoretical contribution that may be applied in practice to evaluate and improve the composition of data science teams and related training programs.","2017-04-03","2025-06-18 17:58:21","2025-06-18 17:58:21","2025-06-18 17:58:21","65-74","","1","51","","","Unicorn data scientist","","","","","","","en","","","","world","www.emerald.com","","Publisher: Emerald Publishing Limited","","/Users/paul.mcelhany/Zotero/storage/MZTFYBNI/html.html","","","","","","","","","","","","","","","","","","","","","","","","","","","","","","","","","","","","","","","","","","","","","","","","",""
"5M6BMIBH","preprint","2023","Wang, Zhenting; Mei, Kai; Zhai, Juan; Ma, Shiqing","UNICORN: A Unified Backdoor Trigger Inversion Framework","","","","10.48550/arXiv.2304.02786","http://arxiv.org/abs/2304.02786","The backdoor attack, where the adversary uses inputs stamped with triggers (e.g., a patch) to activate pre-planted malicious behaviors, is a severe threat to Deep Neural Network (DNN) models. Trigger inversion is an effective way of identifying backdoor models and understanding embedded adversarial behaviors. A challenge of trigger inversion is that there are many ways of constructing the trigger. Existing methods cannot generalize to various types of triggers by making certain assumptions or attack-specific constraints. The fundamental reason is that existing work does not consider the trigger's design space in their formulation of the inversion problem. This work formally defines and analyzes the triggers injected in different spaces and the inversion problem. Then, it proposes a unified framework to invert backdoor triggers based on the formalization of triggers and the identified inner behaviors of backdoor models from our analysis. Our prototype UNICORN is general and effective in inverting backdoor triggers in DNNs. The code can be found at https://github.com/RU-System-Software-and-Security/UNICORN.","2023-04-07","2025-06-18 17:58:30","2025-06-18 17:58:30","2025-06-18 17:58:30","","","","","","","UNICORN","","","","","arXiv","","","","","","","arXiv.org","","arXiv:2304.02786 [cs]","","/Users/paul.mcelhany/Zotero/storage/K6DPMH6Y/2304.html","","","Computer Science - Artificial Intelligence; Computer Science - Computer Vision and Pattern Recognition; Computer Science - Cryptography and Security; Computer Science - Machine Learning","","","","","","","","","","","","","","","","","","","arXiv:2304.02786","","","","","","","","","","","","","","","","","","","","","","","","","","",""
"B9ZBTN38","journalArticle","1992","Stahl, F W","Unicorns revisited.","Genetics","","1943-2631","10.1093/genetics/132.4.865","https://doi.org/10.1093/genetics/132.4.865","","1992-12-01","2025-06-18 17:58:55","2025-06-18 17:58:55","2025-06-18 17:58:55","865-867","","4","132","","Genetics","","","","","","","","","","","","","Silverchair","","","","/Users/paul.mcelhany/Zotero/storage/BIFEFHJZ/Stahl - 1992 - Unicorns revisited..pdf; /Users/paul.mcelhany/Zotero/storage/99ZFZVIB/6009177.html","","","","","","","","","","","","","","","","","","","","","","","","","","","","","","","","","","","","","","","","","","","","","","","","",""
"MA2R8ECF","journalArticle","2022","Kutsenko, Evgeniy; Ostashchenko, Tat'yana; Tyurchev, Kirill","Relocation as a Driver of Innovative Activity: A Global Study of Unicorn Founders’ Migration","Foresight and STI Governance","","2500-2597","10.17323/2500-2597.2022.4.6.23","https://foresight-journal.hse.ru/article/view/19124","This paper investigates the migration flows of uni-corns – private companies that achieve a market value of at least one billion USD within ten years. This concept was recently introduced by professional investors but has actively entered the global expert and political agenda. The ability of national innovation systems to grow unicorns has become a new hallmark of success. This study uses the most complete sample of companies as of July 2022 (1,357 unicorns), for each of them we identified the founders, their countries of birth, and the educational institutions they graduated from.Among the main results, it is revealed that 40% of billion-dollar companies were created with the participation of foreign founders. The authors identified three country groups depending on the founders’ migration flows direction: “attracting” unicorns, “growing on their own” and “losing everything”. A comparative analysis of countries’ innovation profiles made it possible to identify the unicorn growth and attraction factors. It is emphasized that universities are a significant resource for both strategies, since most of the founders graduated from the leading world universities and every third foreign entrepreneur was educated in the country of migration. It is shown that the strategy of attracting foreign founders complements the growth strategy and could provide the main flow of unicorn founders. The authors noted that the leading unicorn countries are actively involved in the global migration flow: they not only attract the founders, but also act as their largest suppliers. The authors put forward recommendations for attracting unicorn companies.","2022-12-23","2025-06-18 17:59:33","2025-06-18 17:59:33","2025-06-18 17:59:33","6-23","","4","16","","Foresight and STI Governance","Relocation as a Driver of Innovative Activity","","","","","","","en","https://creativecommons.org/licenses/by/4.0","","","","DOI.org (Crossref)","","","","/Users/paul.mcelhany/Zotero/storage/CLD3MGWD/Kutsenko et al. - 2022 - Relocation as a Driver of Innovative Activity A Global Study of Unicorn Founders’ Migration.pdf","","","","","","","","","","","","","","","","","","","","","","","","","","","","","","","","","","","","","","","","","","","","","","","","",""
"MLVP7J3Q","conferencePaper","2022","Iqbal, Md Shahriar; Krishna, Rahul; Javidian, Mohammad Ali; Ray, Baishakhi; Jamshidi, Pooyan","Unicorn: reasoning about configurable system performance through the lens of causality","Proceedings of the Seventeenth European Conference on Computer Systems","978-1-4503-9162-7","","10.1145/3492321.3519575","https://dl.acm.org/doi/10.1145/3492321.3519575","Modern computer systems are highly configurable, with the total variability space sometimes larger than the number of atoms in the universe. Understanding and reasoning about the performance behavior of highly configurable systems, over a vast and variable space, is challenging. State-of-the-art methods for performance modeling and analyses rely on predictive machine learning models, therefore, they become (i) unreliable in unseen environments (e.g., different hardware, workloads), and (ii) may produce incorrect explanations. To tackle this, we propose a new method, called Unicorn, which (i) captures intricate interactions between configuration options across the software-hardware stack and (ii) describes how such interactions can impact performance variations via causal inference. We evaluated Unicorn on six highly configurable systems, including three on-device machine learning systems, a video encoder, a database management system, and a data analytics pipeline. The experimental results indicate that Unicorn outperforms state-of-the-art performance debugging and optimization methods in finding effective repairs for performance faults and finding configurations with near-optimal performance. Further, unlike the existing methods, the learned causal performance models reliably predict performance for new environments.","2022-03-28","2025-06-18 18:00:31","2025-06-18 18:00:31","2025-06-18","199–217","","","","","","Unicorn","EuroSys '22","","","","Association for Computing Machinery","New York, NY, USA","","","","","","ACM Digital Library","","","","/Users/paul.mcelhany/Zotero/storage/3AZ99NXB/Iqbal et al. - 2022 - Unicorn reasoning about configurable system performance through the lens of causality.pdf","","","","","","","","","","","","","","","","","","","","","","","","","","","","","","","","","","","","","","","","","","","","","","","","",""
"LH9UB47S","journalArticle","2017","Kerai, Anita","Role of Unicorn tag in gaining legitimacy and accessing funds","","","","","","This paper aims to study the increasing prevalent but scarcely studied unicorn phenomena. Specifically, the role of unicorn tag in gaining and maintaining legitimacy of technology new venture to secure resources. Using signalling perspective, it proposes to study the impact of unicorn tag on funding events of new ventures from 20112017.The paper proposes to conduct content analysis of news and coverage in general and specific start-up media to understand unicorn’s ability to maintain and manipulate media attention. The theory highlights the importance of third party affiliation and media attention in acquiring and maintains new venture legitimacy and accessing financial resources. The unicorn tag enables new venture to maintain the traction among potential investors. The study of funding activity also aims to explore whether unicorn tag encourages new ventures to delay their IPO and continue dependence on private capital for future growth.","2017","2025-06-18 18:00:43","2025-06-18 18:00:43","","","","2","9","","","","","","","","","","en","","","","","Zotero","","","","/Users/paul.mcelhany/Zotero/storage/MB92DQ67/Kerai - 2017 - Role of Unicorn tag in gaining legitimacy and accessing funds.pdf","","","","","","","","","","","","","","","","","","","","","","","","","","","","","","","","","","","","","","","","","","","","","","","","",""
"FSNR3CGE","preprint","2024","Feng, Shikun; Ni, Yuyan; Li, Minghao; Huang, Yanwen; Ma, Zhi-Ming; Ma, Wei-Ying; Lan, Yanyan","UniCorn: A Unified Contrastive Learning Approach for Multi-view Molecular Representation Learning","","","","10.48550/arXiv.2405.10343","http://arxiv.org/abs/2405.10343","Recently, a noticeable trend has emerged in developing pre-trained foundation models in the domains of CV and NLP. However, for molecular pre-training, there lacks a universal model capable of effectively applying to various categories of molecular tasks, since existing prevalent pre-training methods exhibit effectiveness for specific types of downstream tasks. Furthermore, the lack of profound understanding of existing pre-training methods, including 2D graph masking, 2D-3D contrastive learning, and 3D denoising, hampers the advancement of molecular foundation models. In this work, we provide a unified comprehension of existing pre-training methods through the lens of contrastive learning. Thus their distinctions lie in clustering different views of molecules, which is shown beneficial to specific downstream tasks. To achieve a complete and general-purpose molecular representation, we propose a novel pre-training framework, named UniCorn, that inherits the merits of the three methods, depicting molecular views in three different levels. SOTA performance across quantum, physicochemical, and biological tasks, along with comprehensive ablation study, validate the universality and effectiveness of UniCorn.","2024-05-21","2025-06-18 18:00:48","2025-06-18 18:00:48","2025-06-18 18:00:48","","","","","","","UniCorn","","","","","arXiv","","","","","","","arXiv.org","","arXiv:2405.10343 [q-bio]","","/Users/paul.mcelhany/Zotero/storage/5XZEBMLF/2405.html","","","Computer Science - Artificial Intelligence; Computer Science - Machine Learning; Quantitative Biology - Biomolecules","","","","","","","","","","","","","","","","","","","arXiv:2405.10343","","","","","","","","","","","","","","","","","","","","","","","","","","",""
"265QFGVV","bookSection","2021","Casnici, Cyntia Vilasboas Calixto","The Rise of Unicorn Companies: A Magical Growth?","The Palgrave Handbook of Corporate Sustainability in the Digital Era","978-3-030-42412-1","","","https://doi.org/10.1007/978-3-030-42412-1_29","Since unicorns are technological and asset-light firms, they have created a different business model than traditional firms and drawn the attention of both investors and consumers. Through qualitative research this study explores the rise and fall of four famous billion-dollar startups from the United States. The chapter is anchored in the dynamic capabilities’ perspective, and the international new ventures literature, since some of these companies expanded abroad just a few years after their foundation. This shows the process, position, and path of the selected unicorns, trying to find some means of justifying their current market situation. The findings show that the magical growth of these firms was only possible because venture capitals worldwide financed them, willing to surf on the unicorn wave to get higher returns. However, to keep growing, unicorns need to constantly develop their dynamic capabilities.","2021","2025-06-18 18:01:05","2025-06-18 18:01:05","2025-06-18 18:01:05","581-593","","","","","","The Rise of Unicorn Companies","","","","","Springer International Publishing","Cham","en","","","","","Springer Link","","DOI: 10.1007/978-3-030-42412-1_29","","","","","","Park, Seung Ho; Gonzalez-Perez, Maria Alejandra; Floriani, Dinorá Eliete","","","","","","","","","","","","","","","","","","","","","","","","","","","","","","","","","","","","","","","","","","","","",""
"MMQLCDIQ","preprint","2023","Xi, Nuwa; Zhao, Sendong; Wang, Haochun; Liu, Chi; Qin, Bing; Liu, Ting","UniCoRN: Unified Cognitive Signal ReconstructioN bridging cognitive signals and human language","","","","10.48550/arXiv.2307.05355","http://arxiv.org/abs/2307.05355","Decoding text stimuli from cognitive signals (e.g. fMRI) enhances our understanding of the human language system, paving the way for building versatile Brain-Computer Interface. However, existing studies largely focus on decoding individual word-level fMRI volumes from a restricted vocabulary, which is far too idealized for real-world application. In this paper, we propose fMRI2text, the first openvocabulary task aiming to bridge fMRI time series and human language. Furthermore, to explore the potential of this new task, we present a baseline solution, UniCoRN: the Unified Cognitive Signal ReconstructioN for Brain Decoding. By reconstructing both individual time points and time series, UniCoRN establishes a robust encoder for cognitive signals (fMRI & EEG). Leveraging a pre-trained language model as decoder, UniCoRN proves its efficacy in decoding coherent text from fMRI series across various split settings. Our model achieves a 34.77% BLEU score on fMRI2text, and a 37.04% BLEU when generalized to EEGto-text decoding, thereby surpassing the former baseline. Experimental results indicate the feasibility of decoding consecutive fMRI volumes, and the effectiveness of decoding different cognitive signals using a unified structure.","2023-07-12","2025-06-18 18:01:15","2025-06-18 18:01:15","2025-06-18 18:01:15","","","","","","","UniCoRN","","","","","arXiv","","","","","","","arXiv.org","","arXiv:2307.05355 [eess]","Comment: the 61st Annual Meeting of the Association for Computational Linguistics","/Users/paul.mcelhany/Zotero/storage/5CYCU86H/2307.html","","","Computer Science - Computation and Language; Electrical Engineering and Systems Science - Signal Processing","","","","","","","","","","","","","","","","","","","arXiv:2307.05355","","","","","","","","","","","","","","","","","","","","","","","","","","",""
"5VQK92AX","journalArticle","2024","Fan, Ju; Tu, Jianhong; Li, Guoliang; Wang, Peng; Du, Xiaoyong; Jia, Xiaofeng; Gao, Song; Tang, Nan","Unicorn: A Unified Multi-Tasking Matching Model","SIGMOD Rec.","","0163-5808","10.1145/3665252.3665263","https://doi.org/10.1145/3665252.3665263","Data matching, which decides whether two data elements (e.g., string, tuple, column, or knowledge graph entity) are the ""same"" (a.k.a. a match), is a key concept in data integration. The widely used practice is to build task-specific or even dataset-specific solutions, which are hard to generalize and disable the opportunities of knowledge sharing that can be learned from different datasets and multiple tasks. In this paper, we propose Unicorn, a unified model for generally supporting common data matching tasks. Building such a unified model is challenging due to heterogeneous formats of input data elements and various matching semantics of multiple tasks. To address the challenges, Unicorn employs one generic Encoder that converts any pair of data elements (a, b) into a learned representation, and uses a Matcher, which is a binary classifier, to decide whether a matches b. To align matching semantics of multiple tasks, Unicorn adopts a mixture-of-experts model that enhances the learned representation into a better representation. We conduct extensive experiments using 20 datasets on 7 well-studied data matching tasks, and find that our unified model can achieve better performance on most tasks and on average, compared with the state-of-the-art specific models trained for ad-hoc tasks and datasets separately. Moreover, Unicorn can also well serve new matching tasks with zero-shot learning.","2024-05-14","2025-06-18 18:01:23","2025-06-18 18:01:23","2025-06-18 18:01:23","44–53","","1","53","","","Unicorn","","","","","","","","","","","","ACM Digital Library","","","","","","","","","","","","","","","","","","","","","","","","","","","","","","","","","","","","","","","","","","","","","","","","","","","","",""
"KTJK689M","book","2024","Lyall, Sutherland","The Lady and The Unicorn","","978-1-78310-814-5","","","","The legendary medieval tapestry The Lady and the Unicorn is Sutherland Lyall’s starting point for this journey into the world of mythology and mystery which has been woven around the myth of the unicorn and the lady. We learn that the unicorn is the symbol for power and the lady may be mother, mistress or virgin. With an abundant collection of documents form a number of international museums, Lyall’s writing is an exciting exploration, a lively new examination, of old subjects. Who knows - perhaps he has finally sloved the mystery of The Lady and the Unicorn!","2024-01-17","2025-06-18 18:01:37","2025-06-18 18:01:37","","","223","","","","","","","","","","Parkstone International","","en","","","","","Google Books","","Google-Books-ID: O5_vEAAAQBAJ","","","https://books.google.com/books?id=O5_vEAAAQBAJ","","Art / History / Medieval; Art / Subjects & Themes / Religious; History / General","","","","","","","","","","","","","","","","","","","","","","","","","","","","","","","","","","","","","","","","","","","","","",""
"8YNPP95P","journalArticle","2003","Streiner, David L","Unicorns Do Exist: A Tutorial on “Proving” the Null Hypothesis","The Canadian Journal of Psychiatry","","0706-7437","10.1177/070674370304801108","https://doi.org/10.1177/070674370304801108","Introductory statistics classes teach us that we can never prove the null hypothesis; all we can do is reject or fail to reject it. However, there are times when it is necessary to try to prove the nonexistence of a difference between groups. This most often happens within the context of comparing a new treatment against an established one and showing that the new intervention is not inferior to the standard. This article first outlines the logic of “noninferiority” testing by differentiating between the null hypothesis (that which we are trying to nullify) and the “nill” hypothesis (there is no difference), reversing the role of the null and alternate hypotheses, and defining an interval within which groups are said to be equivalent. We then work through an example and show how to calculate sample sizes for noninferiority studies.","2003-12-01","2025-06-18 18:01:51","2025-06-18 18:01:51","2025-06-18 18:01:51","756-761","","11","48","","Can J Psychiatry","Unicorns Do Exist","","","","","","","EN","","","","","SAGE Journals","","Publisher: SAGE Publications Inc","","/Users/paul.mcelhany/Zotero/storage/DW2JAFRF/Streiner - 2003 - Unicorns Do Exist A Tutorial on “Proving” the Null Hypothesis.pdf","","","","","","","","","","","","","","","","","","","","","","","","","","","","","","","","","","","","","","","","","","","","","","","","",""